,around_url
0,https://recotripp.com/area/district-4
1,https://recotripp.com/area/district-1
2,https://recotripp.com/area/district-1
3,https://recotripp.com/area/district-2
4,https://recotripp.com/area/district-8
5,https://recotripp.com/area/district-1
6,https://recotripp.com/area/district-1
7,https://recotripp.com/area/district-1
8,https://recotripp.com/area/district-1
9,https://recotripp.com/area/district-1
10,https://recotripp.com/area/district-3
11,https://recotripp.com/area/district-3
12,https://recotripp.com/area/district-3
13,https://recotripp.com/area/district-3
14,https://recotripp.com/area/district-5
15,https://recotripp.com/area/district-12
16,https://recotripp.com/area/district-2
17,https://recotripp.com/area/district-2
18,https://recotripp.com/area/district-4
19,https://recotripp.com/area/district-4
20,https://recotripp.com/area/district-11
21,https://recotripp.com/area/district-10
22,https://recotripp.com/area/district-13
23,https://recotripp.com/area/district-6
24,https://recotripp.com/area/district-6
25,https://recotripp.com/area/district-1
26,https://recotripp.com/area/district-6
27,https://recotripp.com/area/district-11
28,https://recotripp.com/area/district-1
29,https://recotripp.com/area/district-8
30,https://recotripp.com/area/district-5
31,https://recotripp.com/area/district-73
32,https://recotripp.com/area/district-72
33,https://recotripp.com/area/district-68
34,https://recotripp.com/area/district-73
35,https://recotripp.com/area/district-52
36,https://recotripp.com/area/district-72
37,https://recotripp.com/area/district-68
38,https://recotripp.com/area/district-74
39,https://recotripp.com/area/district-72
40,https://recotripp.com/area/district-70
41,https://recotripp.com/area/district-71
42,https://recotripp.com/area/district-71
43,https://recotripp.com/area/district-75
44,https://recotripp.com/area/district-73
45,https://recotripp.com/area/district-69
46,https://recotripp.com/area/district-77
47,https://recotripp.com/area/district-80
48,https://recotripp.com/area/district-77
49,https://recotripp.com/area/district-80
50,https://recotripp.com/area/district-81
51,https://recotripp.com/area/district-79
52,https://recotripp.com/area/district-77
53,https://recotripp.com/area/district-81
54,https://recotripp.com/area/district-79
55,https://recotripp.com/area/district-77
56,https://recotripp.com/area/district-77
57,https://recotripp.com/area/district-81
58,https://recotripp.com/area/district-80
59,https://recotripp.com/area/district-80
60,https://recotripp.com/area/district-81
61,https://recotripp.com/area/district-80
62,https://recotripp.com/area/district-79
63,https://recotripp.com/area/district-78
64,https://recotripp.com/area/district-80
65,https://recotripp.com/area/district-77
66,https://recotripp.com/area/district-77
67,https://recotripp.com/area/district-85
68,https://recotripp.com/area/district-85
69,https://recotripp.com/area/district-89
70,https://recotripp.com/area/district-91
71,https://recotripp.com/area/district-87
72,https://recotripp.com/area/district-87
73,https://recotripp.com/area/district-85
74,https://recotripp.com/area/district-83
75,https://recotripp.com/area/district-87
76,https://recotripp.com/area/district-87
77,https://recotripp.com/area/district-84
78,https://recotripp.com/area/district-84
79,https://recotripp.com/area/district-89
80,https://recotripp.com/area/district-83
81,https://recotripp.com/area/district-96
82,https://recotripp.com/area/district-94
83,https://recotripp.com/area/district-96
84,https://recotripp.com/area/district-99
85,https://recotripp.com/area/district-92
86,https://recotripp.com/area/district-94
87,https://recotripp.com/area/district-96
88,https://recotripp.com/area/district-96
89,https://recotripp.com/area/district-101
90,https://recotripp.com/area/district-96
91,https://recotripp.com/area/district-94
92,https://recotripp.com/area/district-94
93,https://recotripp.com/area/district-96
94,https://recotripp.com/area/district-95
95,https://recotripp.com/area/district-95
96,https://recotripp.com/area/district-92
97,https://recotripp.com/area/district-99
98,https://recotripp.com/area/district-100
99,https://recotripp.com/area/district-92
100,https://recotripp.com/area/district-92
101,https://recotripp.com/area/district-97
102,https://recotripp.com/area/district-92
103,https://recotripp.com/area/district-96
104,https://recotripp.com/area/district-97
105,https://recotripp.com/area/district-101
106,https://recotripp.com/area/district-92
107,https://recotripp.com/area/district-96
108,https://recotripp.com/area/district-97
109,https://recotripp.com/area/district-93
110,https://recotripp.com/area/district-92
111,https://recotripp.com/area/district-92
112,https://recotripp.com/area/district-101
113,https://recotripp.com/area/district-94
114,https://recotripp.com/area/district-96
115,https://recotripp.com/area/district-95
116,https://recotripp.com/area/district-95
117,https://recotripp.com/area/district-99
118,https://recotripp.com/area/district-99
119,https://recotripp.com/area/district-94
120,https://recotripp.com/area/district-93
121,https://recotripp.com/area/district-97
122,https://recotripp.com/area/district-104
123,https://recotripp.com/area/district-108
124,https://recotripp.com/area/district-108
125,https://recotripp.com/area/district-108
126,https://recotripp.com/area/district-104
127,https://recotripp.com/area/district-104
128,https://recotripp.com/area/district-108
129,https://recotripp.com/area/district-104
130,https://recotripp.com/area/district-110
131,https://recotripp.com/area/district-108
132,https://recotripp.com/area/district-110
133,https://recotripp.com/area/district-104
134,https://recotripp.com/area/district-105
135,https://recotripp.com/area/district-108
136,https://recotripp.com/area/district-104
137,https://recotripp.com/area/district-108
138,https://recotripp.com/area/district-110
139,https://recotripp.com/area/district-107
140,https://recotripp.com/area/district-109
141,https://recotripp.com/area/district-108
142,https://recotripp.com/area/district-110
143,https://recotripp.com/area/district-110
144,https://recotripp.com/area/district-104
145,https://recotripp.com/area/district-107
146,https://recotripp.com/area/district-104
147,https://recotripp.com/area/district-114
148,https://recotripp.com/area/district-112
149,https://recotripp.com/area/district-113
150,https://recotripp.com/area/district-117
151,https://recotripp.com/area/district-112
152,https://recotripp.com/area/district-117
153,https://recotripp.com/area/district-118
154,https://recotripp.com/area/district-116
155,https://recotripp.com/area/district-115
156,https://recotripp.com/area/district-115
157,https://recotripp.com/area/district-118
158,https://recotripp.com/area/district-73
159,https://recotripp.com/area/district-112
160,https://recotripp.com/area/district-115
161,https://recotripp.com/area/district-112
162,https://recotripp.com/area/district-115
163,https://recotripp.com/area/district-113
164,https://recotripp.com/area/district-117
165,https://recotripp.com/area/district-119
166,https://recotripp.com/area/district-113
167,https://recotripp.com/area/district-121
168,https://recotripp.com/area/district-122
169,https://recotripp.com/area/district-120
170,https://recotripp.com/area/district-122
171,https://recotripp.com/area/district-120
172,https://recotripp.com/area/district-120
173,https://recotripp.com/area/district-122
174,https://recotripp.com/area/district-120
175,https://recotripp.com/area/district-122
176,https://recotripp.com/area/district-122
177,https://recotripp.com/area/district-122
178,https://recotripp.com/area/district-120
179,https://recotripp.com/area/district-121
180,https://recotripp.com/area/district-122
181,https://recotripp.com/area/district-122
182,https://recotripp.com/area/district-122
183,https://recotripp.com/area/district-121
184,https://recotripp.com/area/district-122
185,https://recotripp.com/area/district-123
186,https://recotripp.com/area/district-123
187,https://recotripp.com/area/district-123
188,https://recotripp.com/area/district-123
189,https://recotripp.com/area/district-128
190,https://recotripp.com/area/district-128
191,https://recotripp.com/area/district-128
192,https://recotripp.com/area/district-129
193,https://recotripp.com/area/district-130
194,https://recotripp.com/area/district-129
195,https://recotripp.com/area/district-129
196,https://recotripp.com/area/district-130
197,https://recotripp.com/area/district-128
198,https://recotripp.com/area/district-130
199,https://recotripp.com/area/district-129
200,https://recotripp.com/area/district-129
201,https://recotripp.com/area/district-129
202,https://recotripp.com/area/district-132
203,https://recotripp.com/area/district-133
204,https://recotripp.com/area/district-133
205,https://recotripp.com/area/district-136
206,https://recotripp.com/area/district-133
207,https://recotripp.com/area/district-139
208,https://recotripp.com/area/district-135
209,https://recotripp.com/area/district-132
210,https://recotripp.com/area/district-133
211,https://recotripp.com/area/district-139
212,https://recotripp.com/area/district-152
213,https://recotripp.com/area/district-133
214,https://recotripp.com/area/district-136
215,https://recotripp.com/area/district-133
216,https://recotripp.com/area/district-133
217,https://recotripp.com/area/district-133
218,https://recotripp.com/area/district-133
219,https://recotripp.com/area/district-134
220,https://recotripp.com/area/district-16
221,https://recotripp.com/area/district-15
222,https://recotripp.com/area/district-18
223,https://recotripp.com/area/district-21
224,https://recotripp.com/area/district-16
225,https://recotripp.com/area/district-16
226,https://recotripp.com/area/district-20
227,https://recotripp.com/area/district-15
228,https://recotripp.com/area/district-19
229,https://recotripp.com/area/district-16
230,https://recotripp.com/area/district-20
231,https://recotripp.com/area/district-19
232,https://recotripp.com/area/district-20
233,https://recotripp.com/area/district-15
234,https://recotripp.com/area/district-15
235,https://recotripp.com/area/district-21
236,https://recotripp.com/area/district-140
237,https://recotripp.com/area/district-142
238,https://recotripp.com/area/district-141
239,https://recotripp.com/area/district-147
240,https://recotripp.com/area/district-140
241,https://recotripp.com/area/district-150
242,https://recotripp.com/area/district-153
243,https://recotripp.com/area/district-141
244,https://recotripp.com/area/district-141
245,https://recotripp.com/area/district-144
246,https://recotripp.com/area/district-150
247,https://recotripp.com/area/district-144
248,https://recotripp.com/area/district-141
249,https://recotripp.com/area/district-146
250,https://recotripp.com/area/district-141
251,https://recotripp.com/area/district-143
252,https://recotripp.com/area/district-146
253,https://recotripp.com/area/district-150
254,https://recotripp.com/area/district-148
255,https://recotripp.com/area/district-153
256,https://recotripp.com/area/district-142
257,https://recotripp.com/area/district-144
258,https://recotripp.com/area/district-148
259,https://recotripp.com/area/district-141
260,https://recotripp.com/area/district-156
261,https://recotripp.com/area/district-157
262,https://recotripp.com/area/district-160
263,https://recotripp.com/area/district-157
264,https://recotripp.com/area/district-158
265,https://recotripp.com/area/district-158
266,https://recotripp.com/area/district-160
267,https://recotripp.com/area/district-159
268,https://recotripp.com/area/district-159
269,https://recotripp.com/area/district-157
270,https://recotripp.com/area/district-156
271,https://recotripp.com/area/district-161
272,https://recotripp.com/area/district-156
273,https://recotripp.com/area/district-158
274,https://recotripp.com/area/district-159
275,https://recotripp.com/area/district-156
276,https://recotripp.com/area/district-158
277,https://recotripp.com/area/district-157
278,https://recotripp.com/area/district-159
279,https://recotripp.com/area/district-156
280,https://recotripp.com/area/district-166
281,https://recotripp.com/area/district-165
282,https://recotripp.com/area/district-166
283,https://recotripp.com/area/district-166
284,https://recotripp.com/area/district-171
285,https://recotripp.com/area/district-164
286,https://recotripp.com/area/district-164
287,https://recotripp.com/area/district-170
288,https://recotripp.com/area/district-167
289,https://recotripp.com/area/district-163
290,https://recotripp.com/area/district-163
291,https://recotripp.com/area/district-169
292,https://recotripp.com/area/district-162
293,https://recotripp.com/area/district-166
294,https://recotripp.com/area/district-162
295,https://recotripp.com/area/district-167
296,https://recotripp.com/area/district-167
297,https://recotripp.com/area/district-166
298,https://recotripp.com/area/district-175
299,https://recotripp.com/area/district-172
300,https://recotripp.com/area/district-168
301,https://recotripp.com/area/district-163
302,https://recotripp.com/area/district-165
303,https://recotripp.com/area/district-167
304,https://recotripp.com/area/district-176
305,https://recotripp.com/area/district-176
306,https://recotripp.com/area/district-178
307,https://recotripp.com/area/district-176
308,https://recotripp.com/area/district-178
309,https://recotripp.com/area/district-176
310,https://recotripp.com/area/district-176
311,https://recotripp.com/area/district-177
312,https://recotripp.com/area/district-176
313,https://recotripp.com/area/district-177
314,https://recotripp.com/area/district-177
315,https://recotripp.com/area/district-179
316,https://recotripp.com/area/district-177
317,https://recotripp.com/area/district-179
318,https://recotripp.com/area/district-177
319,https://recotripp.com/area/district-177
320,https://recotripp.com/area/district-176
321,https://recotripp.com/area/district-182
322,https://recotripp.com/area/district-182
323,https://recotripp.com/area/district-185
324,https://recotripp.com/area/district-181
325,https://recotripp.com/area/district-181
326,https://recotripp.com/area/district-186
327,https://recotripp.com/area/district-182
328,https://recotripp.com/area/district-185
329,https://recotripp.com/area/district-183
330,https://recotripp.com/area/district-181
331,https://recotripp.com/area/district-186
332,https://recotripp.com/area/district-182
333,https://recotripp.com/area/district-184
334,https://recotripp.com/area/district-184
335,https://recotripp.com/area/district-183
336,https://recotripp.com/area/district-181
337,https://recotripp.com/area/district-182
338,https://recotripp.com/area/district-184
339,https://recotripp.com/area/district-182
340,https://recotripp.com/area/district-190
341,https://recotripp.com/area/district-189
342,https://recotripp.com/area/district-189
343,https://recotripp.com/area/district-189
344,https://recotripp.com/area/district-191
345,https://recotripp.com/area/district-190
346,https://recotripp.com/area/district-193
347,https://recotripp.com/area/district-189
348,https://recotripp.com/area/district-189
349,https://recotripp.com/area/district-192
350,https://recotripp.com/area/district-192
351,https://recotripp.com/area/district-193
352,https://recotripp.com/area/district-191
353,https://recotripp.com/area/district-191
354,https://recotripp.com/area/district-190
355,https://recotripp.com/area/district-189
356,https://recotripp.com/area/district-190
357,https://recotripp.com/area/district-191
358,https://recotripp.com/area/district-189
359,https://recotripp.com/area/district-192
360,https://recotripp.com/area/district-194
361,https://recotripp.com/area/district-196
362,https://recotripp.com/area/district-194
363,https://recotripp.com/area/district-194
364,https://recotripp.com/area/district-196
365,https://recotripp.com/area/district-201
366,https://recotripp.com/area/district-197
367,https://recotripp.com/area/district-194
368,https://recotripp.com/area/district-194
369,https://recotripp.com/area/district-194
370,https://recotripp.com/area/district-197
371,https://recotripp.com/area/district-194
372,https://recotripp.com/area/district-194
373,https://recotripp.com/area/district-195
374,https://recotripp.com/area/district-197
375,https://recotripp.com/area/district-196
376,https://recotripp.com/area/district-194
377,https://recotripp.com/area/district-194
378,https://recotripp.com/area/district-197
379,https://recotripp.com/area/district-194
380,https://recotripp.com/area/district-196
381,https://recotripp.com/area/district-194
382,https://recotripp.com/area/district-194
383,https://recotripp.com/area/district-197
384,https://recotripp.com/area/district-195
385,https://recotripp.com/area/district-194
386,https://recotripp.com/area/district-194
387,https://recotripp.com/area/district-201
388,https://recotripp.com/area/district-196
389,https://recotripp.com/area/district-197
390,https://recotripp.com/area/district-194
391,https://recotripp.com/area/district-194
392,https://recotripp.com/area/district-197
393,https://recotripp.com/area/district-195
394,https://recotripp.com/area/district-195
395,https://recotripp.com/area/district-197
396,https://recotripp.com/area/district-197
397,https://recotripp.com/area/district-194
398,https://recotripp.com/area/district-194
399,https://recotripp.com/area/district-194
400,https://recotripp.com/area/district-197
401,https://recotripp.com/area/district-195
402,https://recotripp.com/area/district-194
403,https://recotripp.com/area/district-194
404,https://recotripp.com/area/district-194
405,https://recotripp.com/area/district-205
406,https://recotripp.com/area/district-205
407,https://recotripp.com/area/district-210
408,https://recotripp.com/area/district-206
409,https://recotripp.com/area/district-206
410,https://recotripp.com/area/district-204
411,https://recotripp.com/area/district-206
412,https://recotripp.com/area/district-204
413,https://recotripp.com/area/district-210
414,https://recotripp.com/area/district-210
415,https://recotripp.com/area/district-207
416,https://recotripp.com/area/district-204
417,https://recotripp.com/area/district-205
418,https://recotripp.com/area/district-210
419,https://recotripp.com/area/district-204
420,https://recotripp.com/area/district-204
421,https://recotripp.com/area/district-204
422,https://recotripp.com/area/district-203
423,https://recotripp.com/area/district-210
424,https://recotripp.com/area/district-203
425,https://recotripp.com/area/district-204
426,https://recotripp.com/area/district-209
427,https://recotripp.com/area/district-209
428,https://recotripp.com/area/district-203
429,https://recotripp.com/area/district-206
430,https://recotripp.com/area/district-204
431,https://recotripp.com/area/district-203
432,https://recotripp.com/area/district-212
433,https://recotripp.com/area/district-213
434,https://recotripp.com/area/district-213
435,https://recotripp.com/area/district-214
436,https://recotripp.com/area/district-213
437,https://recotripp.com/area/district-216
438,https://recotripp.com/area/district-213
439,https://recotripp.com/area/district-213
440,https://recotripp.com/area/district-216
441,https://recotripp.com/area/district-214
442,https://recotripp.com/area/district-213
443,https://recotripp.com/area/district-218
444,https://recotripp.com/area/district-217
445,https://recotripp.com/area/district-213
446,https://recotripp.com/area/district-213
447,https://recotripp.com/area/district-214
448,https://recotripp.com/area/district-218
449,https://recotripp.com/area/district-213
450,https://recotripp.com/area/district-213
451,https://recotripp.com/area/district-216
452,https://recotripp.com/area/district-213
453,https://recotripp.com/area/district-217
454,https://recotripp.com/area/district-220
455,https://recotripp.com/area/district-220
456,https://recotripp.com/area/district-220
457,https://recotripp.com/area/district-220
458,https://recotripp.com/area/district-221
459,https://recotripp.com/area/district-221
460,https://recotripp.com/area/district-221
461,https://recotripp.com/area/district-221
462,https://recotripp.com/area/district-221
463,https://recotripp.com/area/district-221
464,https://recotripp.com/area/district-221
465,https://recotripp.com/area/district-222
466,https://recotripp.com/area/district-220
467,https://recotripp.com/area/district-222
468,https://recotripp.com/area/district-222
469,https://recotripp.com/area/district-222
470,https://recotripp.com/area/district-220
471,https://recotripp.com/area/district-25
472,https://recotripp.com/area/district-25
473,https://recotripp.com/area/district-24
474,https://recotripp.com/area/district-25
475,https://recotripp.com/area/district-25
476,https://recotripp.com/area/district-24
477,https://recotripp.com/area/district-25
478,https://recotripp.com/area/district-23
479,https://recotripp.com/area/district-27
480,https://recotripp.com/area/district-23
481,https://recotripp.com/area/district-25
482,https://recotripp.com/area/district-25
483,https://recotripp.com/area/district-23
484,https://recotripp.com/area/district-23
485,https://recotripp.com/area/district-226
486,https://recotripp.com/area/district-223
487,https://recotripp.com/area/district-226
488,https://recotripp.com/area/district-228
489,https://recotripp.com/area/district-227
490,https://recotripp.com/area/district-226
491,https://recotripp.com/area/district-223
492,https://recotripp.com/area/district-227
493,https://recotripp.com/area/district-226
494,https://recotripp.com/area/district-223
495,https://recotripp.com/area/district-226
496,https://recotripp.com/area/district-228
497,https://recotripp.com/area/district-223
498,https://recotripp.com/area/district-226
499,https://recotripp.com/area/district-225
500,https://recotripp.com/area/district-227
501,https://recotripp.com/area/district-229
502,https://recotripp.com/area/district-230
503,https://recotripp.com/area/district-230
504,https://recotripp.com/area/district-230
505,https://recotripp.com/area/district-231
506,https://recotripp.com/area/district-230
507,https://recotripp.com/area/district-229
508,https://recotripp.com/area/district-229
509,https://recotripp.com/area/district-230
510,https://recotripp.com/area/district-230
511,https://recotripp.com/area/district-231
512,https://recotripp.com/area/district-229
513,https://recotripp.com/area/district-231
514,https://recotripp.com/area/district-234
515,https://recotripp.com/area/district-232
516,https://recotripp.com/area/district-232
517,https://recotripp.com/area/district-234
518,https://recotripp.com/area/district-234
519,https://recotripp.com/area/district-234
520,https://recotripp.com/area/district-234
521,https://recotripp.com/area/district-232
522,https://recotripp.com/area/district-232
523,https://recotripp.com/area/district-232
524,https://recotripp.com/area/district-234
525,https://recotripp.com/area/district-232
526,https://recotripp.com/area/district-234
527,https://recotripp.com/area/district-234
528,https://recotripp.com/area/district-287
529,https://recotripp.com/area/district-233
530,https://recotripp.com/area/district-237
531,https://recotripp.com/area/district-237
532,https://recotripp.com/area/district-236
533,https://recotripp.com/area/district-236
534,https://recotripp.com/area/district-239
535,https://recotripp.com/area/district-236
536,https://recotripp.com/area/district-238
537,https://recotripp.com/area/district-236
538,https://recotripp.com/area/district-236
539,https://recotripp.com/area/district-237
540,https://recotripp.com/area/district-238
541,https://recotripp.com/area/district-236
542,https://recotripp.com/area/district-237
543,https://recotripp.com/area/district-238
544,https://recotripp.com/area/district-239
545,https://recotripp.com/area/district-239
546,https://recotripp.com/area/district-236
547,https://recotripp.com/area/district-238
548,https://recotripp.com/area/district-239
549,https://recotripp.com/area/district-252
550,https://recotripp.com/area/district-237
551,https://recotripp.com/area/district-239
552,https://recotripp.com/area/district-236
553,https://recotripp.com/area/district-236
554,https://recotripp.com/area/district-238
555,https://recotripp.com/area/district-237
556,https://recotripp.com/area/district-240
557,https://recotripp.com/area/district-240
558,https://recotripp.com/area/district-241
559,https://recotripp.com/area/district-242
560,https://recotripp.com/area/district-240
561,https://recotripp.com/area/district-240
562,https://recotripp.com/area/district-242
563,https://recotripp.com/area/district-241
564,https://recotripp.com/area/district-240
565,https://recotripp.com/area/district-240
566,https://recotripp.com/area/district-240
567,https://recotripp.com/area/district-240
568,https://recotripp.com/area/district-240
569,https://recotripp.com/area/district-240
570,https://recotripp.com/area/district-241
571,https://recotripp.com/area/district-244
572,https://recotripp.com/area/district-244
573,https://recotripp.com/area/district-244
574,https://recotripp.com/area/district-246
575,https://recotripp.com/area/district-245
576,https://recotripp.com/area/district-244
577,https://recotripp.com/area/district-246
578,https://recotripp.com/area/district-245
579,https://recotripp.com/area/district-245
580,https://recotripp.com/area/district-247
581,https://recotripp.com/area/district-244
582,https://recotripp.com/area/district-246
583,https://recotripp.com/area/district-244
584,https://recotripp.com/area/district-246
585,https://recotripp.com/area/district-245
586,https://recotripp.com/area/district-245
587,https://recotripp.com/area/district-244
588,https://recotripp.com/area/district-247
589,https://recotripp.com/area/district-246
590,https://recotripp.com/area/district-246
591,https://recotripp.com/area/district-246
592,https://recotripp.com/area/district-248
593,https://recotripp.com/area/district-248
594,https://recotripp.com/area/district-248
595,https://recotripp.com/area/district-250
596,https://recotripp.com/area/district-250
597,https://recotripp.com/area/district-250
598,https://recotripp.com/area/district-248
599,https://recotripp.com/area/district-252
600,https://recotripp.com/area/district-251
601,https://recotripp.com/area/district-252
602,https://recotripp.com/area/district-252
603,https://recotripp.com/area/district-252
604,https://recotripp.com/area/district-251
605,https://recotripp.com/area/district-252
606,https://recotripp.com/area/district-252
607,https://recotripp.com/area/district-252
608,https://recotripp.com/area/district-252
609,https://recotripp.com/area/district-251
610,https://recotripp.com/area/district-252
611,https://recotripp.com/area/district-253
612,https://recotripp.com/area/district-251
613,https://recotripp.com/area/district-253
614,https://recotripp.com/area/district-251
615,https://recotripp.com/area/district-251
616,https://recotripp.com/area/district-252
617,https://recotripp.com/area/district-254
618,https://recotripp.com/area/district-255
619,https://recotripp.com/area/district-254
620,https://recotripp.com/area/district-254
621,https://recotripp.com/area/district-254
622,https://recotripp.com/area/district-254
623,https://recotripp.com/area/district-257
624,https://recotripp.com/area/district-254
625,https://recotripp.com/area/district-254
626,https://recotripp.com/area/district-255
627,https://recotripp.com/area/district-256
628,https://recotripp.com/area/district-255
629,https://recotripp.com/area/district-254
630,https://recotripp.com/area/district-255
631,https://recotripp.com/area/district-254
632,https://recotripp.com/area/district-256
633,https://recotripp.com/area/district-261
634,https://recotripp.com/area/district-258
635,https://recotripp.com/area/district-259
636,https://recotripp.com/area/district-258
637,https://recotripp.com/area/district-258
638,https://recotripp.com/area/district-259
639,https://recotripp.com/area/district-260
640,https://recotripp.com/area/district-254
641,https://recotripp.com/area/district-258
642,https://recotripp.com/area/district-258
643,https://recotripp.com/area/district-258
644,https://recotripp.com/area/district-258
645,https://recotripp.com/area/district-260
646,https://recotripp.com/area/district-258
647,https://recotripp.com/area/district-259
648,https://recotripp.com/area/district-259
649,https://recotripp.com/area/district-258
650,https://recotripp.com/area/district-260
651,https://recotripp.com/area/district-258
652,https://recotripp.com/area/district-258
653,https://recotripp.com/area/district-258
654,https://recotripp.com/area/district-30
655,https://recotripp.com/area/district-28
656,https://recotripp.com/area/district-28
657,https://recotripp.com/area/district-28
658,https://recotripp.com/area/district-31
659,https://recotripp.com/area/district-28
660,https://recotripp.com/area/district-33
661,https://recotripp.com/area/district-28
662,https://recotripp.com/area/district-28
663,https://recotripp.com/area/district-28
664,https://recotripp.com/area/district-30
665,https://recotripp.com/area/district-28
666,https://recotripp.com/area/district-33
667,https://recotripp.com/area/district-33
668,https://recotripp.com/area/district-31
669,https://recotripp.com/area/district-28
670,https://recotripp.com/area/district-31
671,https://recotripp.com/area/district-31
672,https://recotripp.com/area/district-33
673,https://recotripp.com/area/district-265
674,https://recotripp.com/area/district-262
675,https://recotripp.com/area/district-262
676,https://recotripp.com/area/district-265
677,https://recotripp.com/area/district-262
678,https://recotripp.com/area/district-262
679,https://recotripp.com/area/district-262
680,https://recotripp.com/area/district-262
681,https://recotripp.com/area/district-262
682,https://recotripp.com/area/district-265
683,https://recotripp.com/area/district-262
684,https://recotripp.com/area/district-262
685,https://recotripp.com/area/district-265
686,https://recotripp.com/area/district-262
687,https://recotripp.com/area/district-266
688,https://recotripp.com/area/district-261
689,https://recotripp.com/area/district-262
690,https://recotripp.com/area/district-264
691,https://recotripp.com/area/district-265
692,https://recotripp.com/area/district-266
693,https://recotripp.com/area/district-262
694,https://recotripp.com/area/district-261
695,https://recotripp.com/area/district-262
696,https://recotripp.com/area/district-266
697,https://recotripp.com/area/district-265
698,https://recotripp.com/area/district-265
699,https://recotripp.com/area/district-265
700,https://recotripp.com/area/district-262
701,https://recotripp.com/area/district-262
702,https://recotripp.com/area/district-267
703,https://recotripp.com/area/district-271
704,https://recotripp.com/area/district-268
705,https://recotripp.com/area/district-267
706,https://recotripp.com/area/district-269
707,https://recotripp.com/area/district-269
708,https://recotripp.com/area/district-267
709,https://recotripp.com/area/district-269
710,https://recotripp.com/area/district-268
711,https://recotripp.com/area/district-268
712,https://recotripp.com/area/district-268
713,https://recotripp.com/area/district-268
714,https://recotripp.com/area/district-268
715,https://recotripp.com/area/district-269
716,https://recotripp.com/area/district-268
717,https://recotripp.com/area/district-271
718,https://recotripp.com/area/district-269
719,https://recotripp.com/area/district-267
720,https://recotripp.com/area/district-268
721,https://recotripp.com/area/district-272
722,https://recotripp.com/area/district-272
723,https://recotripp.com/area/district-272
724,https://recotripp.com/area/district-272
725,https://recotripp.com/area/district-273
726,https://recotripp.com/area/district-273
727,https://recotripp.com/area/district-272
728,https://recotripp.com/area/district-272
729,https://recotripp.com/area/district-274
730,https://recotripp.com/area/district-274
731,https://recotripp.com/area/district-272
732,https://recotripp.com/area/district-276
733,https://recotripp.com/area/district-273
734,https://recotripp.com/area/district-275
735,https://recotripp.com/area/district-274
736,https://recotripp.com/area/district-272
737,https://recotripp.com/area/district-272
738,https://recotripp.com/area/district-272
739,https://recotripp.com/area/district-276
740,https://recotripp.com/area/district-272
741,https://recotripp.com/area/district-273
742,https://recotripp.com/area/district-278
743,https://recotripp.com/area/district-283
744,https://recotripp.com/area/district-281
745,https://recotripp.com/area/district-283
746,https://recotripp.com/area/district-283
747,https://recotripp.com/area/district-281
748,https://recotripp.com/area/district-283
749,https://recotripp.com/area/district-284
750,https://recotripp.com/area/district-283
751,https://recotripp.com/area/district-281
752,https://recotripp.com/area/district-283
753,https://recotripp.com/area/district-284
754,https://recotripp.com/area/district-283
755,https://recotripp.com/area/district-278
756,https://recotripp.com/area/district-283
757,https://recotripp.com/area/district-278
758,https://recotripp.com/area/district-283
759,https://recotripp.com/area/district-281
760,https://recotripp.com/area/district-286
761,https://recotripp.com/area/district-287
762,https://recotripp.com/area/district-285
763,https://recotripp.com/area/district-285
764,https://recotripp.com/area/district-285
765,https://recotripp.com/area/district-290
766,https://recotripp.com/area/district-290
767,https://recotripp.com/area/district-283
768,https://recotripp.com/area/district-290
769,https://recotripp.com/area/district-289
770,https://recotripp.com/area/district-287
771,https://recotripp.com/area/district-287
772,https://recotripp.com/area/district-285
773,https://recotripp.com/area/district-289
774,https://recotripp.com/area/district-290
775,https://recotripp.com/area/district-287
776,https://recotripp.com/area/district-289
777,https://recotripp.com/area/district-286
778,https://recotripp.com/area/district-286
779,https://recotripp.com/area/district-286
780,https://recotripp.com/area/district-286
781,https://recotripp.com/area/district-290
782,https://recotripp.com/area/district-286
783,https://recotripp.com/area/district-291
784,https://recotripp.com/area/district-291
785,https://recotripp.com/area/district-293
786,https://recotripp.com/area/district-291
787,https://recotripp.com/area/district-291
788,https://recotripp.com/area/district-291
789,https://recotripp.com/area/district-293
790,https://recotripp.com/area/district-291
791,https://recotripp.com/area/district-292
792,https://recotripp.com/area/district-291
793,https://recotripp.com/area/district-293
794,https://recotripp.com/area/district-291
795,https://recotripp.com/area/district-293
796,https://recotripp.com/area/district-293
797,https://recotripp.com/area/district-291
798,https://recotripp.com/area/district-293
799,https://recotripp.com/area/district-293
800,https://recotripp.com/area/district-293
801,https://recotripp.com/area/district-291
802,https://recotripp.com/area/district-299
803,https://recotripp.com/area/district-294
804,https://recotripp.com/area/district-296
805,https://recotripp.com/area/district-299
806,https://recotripp.com/area/district-294
807,https://recotripp.com/area/district-298
808,https://recotripp.com/area/district-296
809,https://recotripp.com/area/district-296
810,https://recotripp.com/area/district-297
811,https://recotripp.com/area/district-2095
812,https://recotripp.com/area/district-296
813,https://recotripp.com/area/district-297
814,https://recotripp.com/area/district-296
815,https://recotripp.com/area/district-2093
816,https://recotripp.com/area/district-2094
817,https://recotripp.com/area/district-2094
818,https://recotripp.com/area/district-295
819,https://recotripp.com/area/district-296
820,https://recotripp.com/area/district-294
821,https://recotripp.com/area/district-295
822,https://recotripp.com/area/district-294
823,https://recotripp.com/area/district-296
824,https://recotripp.com/area/district-297
825,https://recotripp.com/area/district-298
826,https://recotripp.com/area/district-296
827,https://recotripp.com/area/district-297
828,https://recotripp.com/area/district-303
829,https://recotripp.com/area/district-305
830,https://recotripp.com/area/district-301
831,https://recotripp.com/area/district-300
832,https://recotripp.com/area/district-300
833,https://recotripp.com/area/district-305
834,https://recotripp.com/area/district-304
835,https://recotripp.com/area/district-305
836,https://recotripp.com/area/district-303
837,https://recotripp.com/area/district-304
838,https://recotripp.com/area/district-2092
839,https://recotripp.com/area/district-2091
840,https://recotripp.com/area/district-2091
841,https://recotripp.com/area/district-303
842,https://recotripp.com/area/district-303
843,https://recotripp.com/area/district-300
844,https://recotripp.com/area/district-304
845,https://recotripp.com/area/district-305
846,https://recotripp.com/area/district-301
847,https://recotripp.com/area/district-303
848,https://recotripp.com/area/district-305
849,https://recotripp.com/area/district-303
850,https://recotripp.com/area/district-300
851,https://recotripp.com/area/district-300
852,https://recotripp.com/area/district-305
853,https://recotripp.com/area/district-305
854,https://recotripp.com/area/district-305
855,https://recotripp.com/area/district-305
856,https://recotripp.com/area/district-305
857,https://recotripp.com/area/district-303
858,https://recotripp.com/area/district-303
859,https://recotripp.com/area/district-303
860,https://recotripp.com/area/district-303
861,https://recotripp.com/area/district-305
862,https://recotripp.com/area/district-304
863,https://recotripp.com/area/district-2091
864,https://recotripp.com/area/district-300
865,https://recotripp.com/area/district-2091
866,https://recotripp.com/area/district-303
867,https://recotripp.com/area/district-305
868,https://recotripp.com/area/district-304
869,https://recotripp.com/area/district-300
870,https://recotripp.com/area/district-34
871,https://recotripp.com/area/district-35
872,https://recotripp.com/area/district-34
873,https://recotripp.com/area/district-38
874,https://recotripp.com/area/district-38
875,https://recotripp.com/area/district-38
876,https://recotripp.com/area/district-36
877,https://recotripp.com/area/district-35
878,https://recotripp.com/area/district-35
879,https://recotripp.com/area/district-35
880,https://recotripp.com/area/district-35
881,https://recotripp.com/area/district-35
882,https://recotripp.com/area/district-36
883,https://recotripp.com/area/district-38
884,https://recotripp.com/area/district-38
885,https://recotripp.com/area/district-41
886,https://recotripp.com/area/district-42
887,https://recotripp.com/area/district-43
888,https://recotripp.com/area/district-43
889,https://recotripp.com/area/district-42
890,https://recotripp.com/area/district-43
891,https://recotripp.com/area/district-43
892,https://recotripp.com/area/district-44
893,https://recotripp.com/area/district-44
894,https://recotripp.com/area/district-43
895,https://recotripp.com/area/district-43
896,https://recotripp.com/area/district-41
897,https://recotripp.com/area/district-43
898,https://recotripp.com/area/district-42
899,https://recotripp.com/area/district-43
900,https://recotripp.com/area/district-116
901,https://recotripp.com/area/district-47
902,https://recotripp.com/area/district-47
903,https://recotripp.com/area/district-46
904,https://recotripp.com/area/district-49
905,https://recotripp.com/area/district-49
906,https://recotripp.com/area/district-47
907,https://recotripp.com/area/district-46
908,https://recotripp.com/area/district-48
909,https://recotripp.com/area/district-53
910,https://recotripp.com/area/district-52
911,https://recotripp.com/area/district-47
912,https://recotripp.com/area/district-52
913,https://recotripp.com/area/district-52
914,https://recotripp.com/area/district-47
915,https://recotripp.com/area/district-54
916,https://recotripp.com/area/district-48
917,https://recotripp.com/area/district-50
918,https://recotripp.com/area/district-60
919,https://recotripp.com/area/district-59
920,https://recotripp.com/area/district-57
921,https://recotripp.com/area/district-60
922,https://recotripp.com/area/district-57
923,https://recotripp.com/area/district-55
924,https://recotripp.com/area/district-55
925,https://recotripp.com/area/district-56
926,https://recotripp.com/area/district-60
927,https://recotripp.com/area/district-56
928,https://recotripp.com/area/district-56
929,https://recotripp.com/area/district-60
930,https://recotripp.com/area/district-59
931,https://recotripp.com/area/district-56
932,https://recotripp.com/area/district-57
933,https://recotripp.com/area/district-63
934,https://recotripp.com/area/district-63
935,https://recotripp.com/area/district-66
936,https://recotripp.com/area/district-66
937,https://recotripp.com/area/district-66
938,https://recotripp.com/area/district-66
939,https://recotripp.com/area/district-63
940,https://recotripp.com/area/district-63
941,https://recotripp.com/area/district-66
942,https://recotripp.com/area/district-63
943,https://recotripp.com/area/district-63
944,https://recotripp.com/area/district-63
945,https://recotripp.com/area/district-63
946,https://recotripp.com/area/district-65
947,https://recotripp.com/area/district-64
948,https://recotripp.com/area/district-63
949,https://recotripp.com/area/district-62
950,https://recotripp.com/area/district-63
